{
    "metrics": {
        "http_req_connecting": {
            "p(90)": 0,
            "p(95)": 0,
            "avg": 0,
            "min": 0,
            "med": 0,
            "max": 0
        },
        "http_req_duration": {
            "p(90)": 22.134390000000003,
            "p(95)": 28.28079499999999,
            "avg": 12.994209894459122,
            "min": 1.6222,
            "med": 11.1955,
            "max": 59.6388
        },
        "checks": {
            "passes": 758,
            "fails": 0,
            "value": 1
        },
        "http_req_sending": {
            "p(90)": 0,
            "p(95)": 0.014014999999999998,
            "avg": 0.016135620052770444,
            "min": 0,
            "med": 0,
            "max": 1.0027
        },
        "http_req_duration{expected_response:true}": {
            "min": 1.6222,
            "med": 11.1955,
            "max": 59.6388,
            "p(90)": 22.134390000000003,
            "p(95)": 28.28079499999999,
            "avg": 12.994209894459122
        },
        "http_req_tls_handshaking": {
            "avg": 0,
            "min": 0,
            "med": 0,
            "max": 0,
            "p(90)": 0,
            "p(95)": 0
        },
        "http_reqs": {
            "count": 758,
            "rate": 752.1330612688782
        },
        "http_req_failed": {
            "passes": 0,
            "fails": 758,
            "value": 0
        },
        "http_req_waiting": {
            "avg": 12.906606728232203,
            "min": 1.0849,
            "med": 11.064250000000001,
            "max": 59.6388,
            "p(90)": 22.010150000000003,
            "p(95)": 28.28079499999999
        },
        "data_sent": {
            "count": 73526,
            "rate": 72956.90694308118
        },
        "http_req_blocked": {
            "max": 9.3002,
            "p(90)": 0,
            "p(95)": 0,
            "avg": 0.12259722955145119,
            "min": 0,
            "med": 0
        },
        "http_req_receiving": {
            "med": 0,
            "max": 2.6066,
            "p(90)": 0.50503,
            "p(95)": 0.5307149999999999,
            "avg": 0.0714675461741425,
            "min": 0
        },
        "vus_max": {
            "max": 10,
            "value": 10,
            "min": 10
        },
        "iteration_duration": {
            "p(95)": 28.661124999999995,
            "avg": 13.228880606860175,
            "min": 1.6222,
            "med": 11.43065,
            "max": 60.1603,
            "p(90)": 22.324800000000003
        },
        "iterations": {
            "count": 758,
            "rate": 752.1330612688782
        },
        "vus": {
            "value": 10,
            "min": 10,
            "max": 10
        },
        "data_received": {
            "count": 94750,
            "rate": 94016.63265860977
        }
    },
    "root_group": {
        "name": "",
        "path": "",
        "id": "d41d8cd98f00b204e9800998ecf8427e",
        "groups": {},
        "checks": {
                "is status 200": {
                    "name": "is status 200",
                    "path": "::is status 200",
                    "id": "548d37ca5f33793206f7832e7cea54fb",
                    "passes": 758,
                    "fails": 0
                }
            }
    }
}